id,created,trans
1,2023-08-08 12:57:23,Database created
2,2023-08-08 12:57:57,"DT: 2 API_ID: 7send value to {""msg"":""received 9 from sender  2 using API 7"",""status"":""success""}
"
3,2023-08-08 12:58:00,"DT: 2 API_ID: 7send value to {""msg"":""received 12 from sender  2 using API 7"",""status"":""success""}
"
4,2023-08-08 12:58:07,"DT: 2 API_ID: 7send value to {""msg"":""received 3 from sender  2 using API 7"",""status"":""success""}
"
5,2023-08-08 12:58:09,"DT: 2 API_ID: 7send value to {""msg"":""received 5 from sender  2 using API 7"",""status"":""success""}
"
6,2023-08-08 12:58:18,"DT: 2 API_ID: 7send value to {""msg"":""received 11 from sender  2 using API 7"",""status"":""success""}
"
7,2023-08-08 12:58:20,"DT: 2 API_ID: 7send value to {""msg"":""received 16 from sender  2 using API 7"",""status"":""success""}
"
8,2023-08-08 12:58:28,"DT: 2 API_ID: 7send value to {""msg"":""received 11 from sender  2 using API 7"",""status"":""success""}
"
9,2023-08-08 12:58:30,"DT: 2 API_ID: 7send value to {""msg"":""received 14 from sender  2 using API 7"",""status"":""success""}
"
10,2023-08-08 12:58:40,"DT: 2 API_ID: 7send value to {""msg"":""received 8 from sender  2 using API 7"",""status"":""success""}
"
11,2023-08-08 12:58:44,"DT: 2 API_ID: 7send value to {""msg"":""received 4 from sender  2 using API 7"",""status"":""success""}
"
12,2023-08-08 12:58:58,"DT: 2 API_ID: 7send value to {""msg"":""received 13 from sender  2 using API 7"",""status"":""success""}
"
13,2023-08-08 12:59:00,"DT: 2 API_ID: 7send value to {""msg"":""received 10 from sender  2 using API 7"",""status"":""success""}
"
14,2023-08-08 12:59:07,"DT: 2 API_ID: 7send value to {""msg"":""received 8 from sender  2 using API 7"",""status"":""success""}
"
15,2023-08-08 12:59:11,"DT: 2 API_ID: 7send value to {""msg"":""received 3 from sender  2 using API 7"",""status"":""success""}
"
16,2023-08-08 12:59:17,"DT: 2 API_ID: 7send value to {""msg"":""received 14 from sender  2 using API 7"",""status"":""success""}
"
17,2023-08-08 12:59:21,"DT: 2 API_ID: 7send value to {""msg"":""received 18 from sender  2 using API 7"",""status"":""success""}
"
18,2023-08-08 12:59:26,"DT: 2 API_ID: 7send value to {""msg"":""received 3 from sender  2 using API 7"",""status"":""success""}
"
19,2023-08-08 12:59:30,"DT: 2 API_ID: 7send value to {""msg"":""received 5 from sender  2 using API 7"",""status"":""success""}
"
20,2023-08-08 12:59:36,"DT: 2 API_ID: 7send value to {""msg"":""received 15 from sender  2 using API 7"",""status"":""success""}
"
21,2023-08-08 12:59:39,"DT: 2 API_ID: 7send value to {""msg"":""received 5 from sender  2 using API 7"",""status"":""success""}
"
22,2023-08-08 12:59:48,"DT: 2 API_ID: 7send value to {""msg"":""received 13 from sender  2 using API 7"",""status"":""success""}
"
23,2023-08-08 12:59:52,"DT: 2 API_ID: 7send value to {""msg"":""received 9 from sender  2 using API 7"",""status"":""success""}
"
24,2023-08-08 13:00:06,"DT: 2 API_ID: 7send value to {""msg"":""received 4 from sender  2 using API 7"",""status"":""success""}
"
25,2023-08-08 13:00:10,"DT: 2 API_ID: 7send value to {""msg"":""received 9 from sender  2 using API 7"",""status"":""success""}
"
26,2023-08-08 13:00:20,"DT: 2 API_ID: 7send value to {""msg"":""received 9 from sender  2 using API 7"",""status"":""success""}
"
27,2023-08-08 13:00:23,"DT: 2 API_ID: 7send value to {""msg"":""received 6 from sender  2 using API 7"",""status"":""success""}
"
28,2023-08-08 13:00:38,"DT: 2 API_ID: 7send value to {""msg"":""received 6 from sender  2 using API 7"",""status"":""success""}
"
29,2023-08-08 13:00:40,"DT: 2 API_ID: 7send value to {""msg"":""received 3 from sender  2 using API 7"",""status"":""success""}
"
30,2023-08-08 13:00:48,"DT: 2 API_ID: 7send value to {""msg"":""received 6 from sender  2 using API 7"",""status"":""success""}
"
31,2023-08-08 13:00:50,"DT: 2 API_ID: 7send value to {""msg"":""received 11 from sender  2 using API 7"",""status"":""success""}
"
